Campaign Name,Ad Set Name,Ad Name,Objective,Spend,Impressions,Reach,Frequency,CPM,Clicks,Link Clicks,CPC,CTR,Landing Page Views,Cost per LPV,Video Plays,3-Sec Views,ThruPlays,50% Video Views,95% Video Views,Engagements,Add to Carts,Purchases,Revenue,ROAS,New Customers
TOF - Broad Awareness - Q4,Cold Audiences - Lookalike 1%,Hook Test A - Problem Statement,REACH,485.20,98500,76200,1.29,4.93,1240,980,0.49,0.0126,820,0.59,92000,29440,18400,14720,9200,4925,,,,,
TOF - Broad Awareness - Q4,Cold Audiences - Lookalike 1%,Hook Test B - Social Proof,REACH,412.80,87600,68400,1.28,4.71,890,710,0.46,0.0102,580,0.71,82400,14832,8240,7416,5748,3504,,,,,
TOF - Broad Awareness - Q4,Cold Audiences - Lookalike 2-5%,Brand Video 30s,OUTCOME_AWARENESS,620.50,124000,95000,1.31,5.00,1560,1240,0.40,0.0126,1040,0.60,118000,41300,23600,18880,10620,6200,,,,,
TOF - Broad Awareness - Q4,Interest Targeting - Fitness,UGC Testimonial Video,VIDEO_VIEWS,298.40,62800,51200,1.23,4.75,720,590,0.41,0.0115,480,0.62,59500,8330,5355,4165,2380,3140,,,,,
TOF - Prospecting - New,Broad Cold - No Interest,Lifestyle Photo Carousel,REACH,185.60,48200,41800,1.15,3.85,540,430,0.34,0.0112,310,0.60,,,,,,1930,,,,,
MOF - Consideration - Traffic,Engaged Viewers Retarget,Educational Blog Post Ad,OUTCOME_TRAFFIC,342.10,28600,22400,1.28,11.96,2840,2620,0.12,0.0993,2230,0.15,,,,,,1430,284,28,,,
MOF - Consideration - Traffic,Landing Page Visitors 30d,Comparison Guide - vs Competitor,TRAFFIC,289.40,22800,18600,1.23,12.69,2460,2280,0.12,0.1079,1940,0.15,,,,,,1140,232,14,,,
MOF - Consideration - Traffic,Video Viewers 50%+,Product Explainer - How It Works,OUTCOME_ENGAGEMENT,198.60,18400,15200,1.21,10.79,1840,1720,0.11,0.1000,1450,0.14,,,,,,920,147,9,,,
MOF - Quiz Funnel,Lookalike - Past Purchasers 5%,Quiz Entry Ad - What Type Are You,OUTCOME_TRAFFIC,156.80,14200,11800,1.20,11.04,1620,1510,0.10,0.1141,1290,0.12,,,,,,710,97,6,,,
BOF - Conversion - Purchase,Website Visitors 30d,Direct Response - Shop Now,CONVERSIONS,1240.50,18600,12400,1.50,66.69,980,940,1.26,0.0527,860,1.44,,,,,,,215,52,3640,2.94,12
BOF - Conversion - Purchase,Website Visitors 30d,Testimonial + Offer,OUTCOME_SALES,980.20,14800,10200,1.45,66.23,820,790,1.24,0.0554,720,1.36,,,,,,,186,44,2860,2.92,10
BOF - Conversion - Purchase,ATC Abandoners 7d,Dynamic Product Ads - Catalog,CATALOG_SALES,2340.80,32400,18200,1.78,72.25,1640,1580,1.47,0.0506,1380,1.70,,,,,,,412,118,8732,3.73,18
BOF - Conversion - Purchase,All Site Visitors 14d,Single Image - Best Seller,OUTCOME_SALES,645.30,10200,7400,1.38,63.26,480,460,1.40,0.0471,400,1.61,,,,,,,102,22,1628,2.52,8
BOF - Shopping - Advantage+,ASC - Broad Prospecting,Advantage Shopping Campaign,OUTCOME_SALES,3480.60,48600,32800,1.48,71.62,2840,2760,1.23,0.0585,2440,1.43,,,,,,,684,196,15288,4.39,46
Retargeting - Cart Abandoners,Cart Abandoners 3d,Urgency Offer - Last Chance,CONVERSIONS,580.40,8400,4200,2.00,69.10,340,320,1.81,0.0405,280,2.07,,,,,,,126,38,2660,4.58,4
Retargeting - Cart Abandoners,Cart Abandoners 7d,Social Proof + CTA,CONVERSIONS,420.80,7200,3800,1.89,58.44,280,268,1.57,0.0389,234,1.80,,,,,,,96,26,1820,4.32,3
Retargeting - View Content,View Content 14d - No ATC,Product Benefits Video,CONVERSIONS,298.60,6400,4200,1.52,46.66,240,228,1.31,0.0375,198,1.51,,,,,,,62,14,980,3.28,2
Retargeting - Checkout Abandoners,Checkout Started 7d,Checkout Reminder,CONVERSIONS,186.40,3200,2100,1.52,58.25,148,142,1.31,0.0463,124,1.50,,,,,,,52,22,1540,8.26,2
Retention - Existing Customers,Past 180d Purchasers,New Arrival Announcement,OUTCOME_SALES,342.80,12400,9800,1.27,27.65,620,580,0.59,0.0500,480,0.71,,,,,,,78,32,2880,8.40,0
Retention - Existing Customers,LTV Customers - Top 20%,VIP Exclusive Offer,OUTCOME_SALES,248.60,8600,7200,1.19,28.91,420,398,0.62,0.0488,340,0.73,,,,,,,64,28,2940,11.83,0
Retention - Win Back,Lapsed 90-180d Customers,Win-Back Email Retargeting,OUTCOME_SALES,186.20,7200,6400,1.13,25.86,360,340,0.55,0.0500,290,0.64,,,,,,,44,16,1280,6.88,0
TOF - Prospecting - Video,Broad - All Demographics,Short Form Video 15s - Hook 1,VIDEO_VIEWS,92.40,28600,24800,1.15,3.23,380,310,0.24,0.0133,240,0.39,27200,10608,5440,3264,1360,1430,,,,,
TOF - Prospecting - Video,Broad - All Demographics,Short Form Video 15s - Hook 2,VIDEO_VIEWS,45.20,14200,12600,1.13,3.18,180,148,0.25,0.0127,114,0.40,13500,4185,2430,1890,810,712,,,,,
BOF - Conversion - High CPA,Website Visitors 60d,Old Creative - Static Image,OUTCOME_SALES,380.20,5800,4200,1.38,65.55,260,248,1.53,0.0448,218,1.74,,,,,,,48,6,348,0.92,2
MOF - Consideration - Leads,Website Visitors - No Purchase,Lead Magnet - Free Guide,OUTCOME_LEADS,124.60,11200,9400,1.19,11.13,1240,1180,0.10,0.1107,1020,0.12,,,,,,620,82,4,,,
